file,comment,time,raw,severity,src_file,src_line,comment_lc,is_noise_candidate,cluster
sample2.1.xml,KeyValueStoreMemory switching to large transaction mode,5.353169,"<Event Severity=""10"" Time=""5.353169"" DateTime=""2025-10-24T13:50:44Z"" Type=""CodeCoverage"" Machine=""[abcd::2:0:1:0]:1"" ID=""0000000000000000"" File=""fdbserver/KeyValueStoreMemory.actor.cpp"" Line=""115"" Condition=""true"" Covered=""1"" Comment=""KeyValueStoreMemory switching to large transaction mode"" ThreadID=""16240622342337496268"" LogGroup=""default"" Roles=""CD"" />",10,fdbserver/KeyValueStoreMemory.actor.cpp,115,keyvaluestorememory switching to large transaction mode,False,6
sample2.1.xml,Get tenant info raw access transaction,7.874702,"<Event Severity=""10"" Time=""7.874702"" DateTime=""2025-10-24T13:50:44Z"" Type=""CodeCoverage"" Machine=""[abcd::3:4:3:1]:1"" ID=""0000000000000000"" File=""fdbclient/NativeAPI.actor.cpp"" Line=""1671"" Condition=""true"" Covered=""1"" Comment=""Get tenant info raw access transaction"" ThreadID=""16240622342337496268"" LogGroup=""default"" Roles=""TS"" />",10,fdbclient/NativeAPI.actor.cpp,1671,get tenant info raw access transaction,False,1
sample2.1.xml,Emergency transaction processing during recovery,7.87647,"<Event Severity=""10"" Time=""7.876470"" DateTime=""2025-10-24T13:50:44Z"" Type=""CodeCoverage"" Machine=""[abcd::2:1:2:1]:2"" ID=""0000000000000000"" File=""fdbserver/ClusterRecovery.actor.cpp"" Line=""1532"" Condition=""true"" Covered=""1"" Comment=""Emergency transaction processing during recovery"" ThreadID=""16240622342337496268"" LogGroup=""default"" Roles=""CC"" />",10,fdbserver/ClusterRecovery.actor.cpp,1532,emergency transaction processing during recovery,False,0
sample2.1.xml,Resolver first unseen version is current version,7.924432,"<Event Severity=""10"" Time=""7.924432"" DateTime=""2025-10-24T13:50:45Z"" Type=""CodeCoverage"" Machine=""[abcd::2:1:2:0]:2"" ID=""0000000000000000"" File=""fdbserver/Resolver.actor.cpp"" Line=""445"" Condition=""firstUnseenVersion == req.version"" Covered=""1"" Comment=""Resolver first unseen version is current version"" ThreadID=""16240622342337496268"" LogGroup=""default"" Roles=""RV,SS"" />",10,fdbserver/Resolver.actor.cpp,445,resolver first unseen version is current version,False,2
sample2.1.xml,The proxy that sent this request has the oldest current version,7.924432,"<Event Severity=""10"" Time=""7.924432"" DateTime=""2025-10-24T13:50:45Z"" Type=""CodeCoverage"" Machine=""[abcd::2:1:2:0]:2"" ID=""0000000000000000"" File=""fdbserver/Resolver.actor.cpp"" Line=""483"" Condition=""oldestProxyVersion == req.version"" Covered=""1"" Comment=""The proxy that sent this request has the oldest current version"" ThreadID=""16240622342337496268"" LogGroup=""default"" Roles=""RV,SS"" />",10,fdbserver/Resolver.actor.cpp,483,the proxy that sent this request has the oldest current version,False,2
sample2.1.xml,Wrote SpanContextMessage to a transaction log,7.926892,"<Event Severity=""10"" Time=""7.926892"" DateTime=""2025-10-24T13:50:45Z"" Type=""CodeCoverage"" Machine=""[abcd::2:1:4:1]:4"" ID=""0000000000000000"" File=""fdbserver/LogSystem.cpp"" Line=""357"" Condition=""true"" Covered=""1"" Comment=""Wrote SpanContextMessage to a transaction log"" ThreadID=""16240622342337496268"" LogGroup=""default"" Roles=""CP"" />",10,fdbserver/LogSystem.cpp,357,wrote spancontextmessage to a transaction log,False,5
sample2.1.xml,KeyValueStoreMemory switching to large transaction mode with committed data,7.926892,"<Event Severity=""10"" Time=""7.926892"" DateTime=""2025-10-24T13:50:45Z"" Type=""CodeCoverage"" Machine=""[abcd::2:1:4:1]:4"" ID=""0000000000000000"" File=""fdbserver/KeyValueStoreMemory.actor.cpp"" Line=""117"" Condition=""committedDataSize &gt; 1e3"" Covered=""1"" Comment=""KeyValueStoreMemory switching to large transaction mode with committed data"" ThreadID=""16240622342337496268"" LogGroup=""default"" Roles=""CP"" />",10,fdbserver/KeyValueStoreMemory.actor.cpp,117,keyvaluestorememory switching to large transaction mode with committed data,False,6
sample2.1.xml,No new SpanContextMessage written to transaction logs,7.926892,"<Event Severity=""10"" Time=""7.926892"" DateTime=""2025-10-24T13:50:45Z"" Type=""CodeCoverage"" Machine=""[abcd::2:1:4:1]:4"" ID=""0000000000000000"" File=""fdbserver/include/fdbserver/LogSystem.h"" Line=""903"" Condition=""true"" Covered=""1"" Comment=""No new SpanContextMessage written to transaction logs"" ThreadID=""16240622342337496268"" LogGroup=""default"" Roles=""CP"" />",10,fdbserver/include/fdbserver/LogSystem.h,903,no new spancontextmessage written to transaction logs,False,5
sample2.1.xml,TLog moved data to persistentData,8.410087,"<Event Severity=""10"" Time=""8.410087"" DateTime=""2025-10-24T13:50:45Z"" Type=""CodeCoverage"" Machine=""[abcd::2:2:2:1]:4"" ID=""0000000000000000"" File=""fdbserver/TLogServer.actor.cpp"" Line=""1166"" Condition=""anyData"" Covered=""1"" Comment=""TLog moved data to persistentData"" ThreadID=""16240622342337496268"" LogGroup=""default"" Roles=""TL"" />",10,fdbserver/TLogServer.actor.cpp,1166,tlog moved data to persistentdata,False,5
sample2.1.xml,The proxy that sent this request does not have the oldest current version,8.422227,"<Event Severity=""10"" Time=""8.422227"" DateTime=""2025-10-24T13:50:45Z"" Type=""CodeCoverage"" Machine=""[abcd::2:1:2:0]:2"" ID=""0000000000000000"" File=""fdbserver/Resolver.actor.cpp"" Line=""485"" Condition=""oldestProxyVersion != req.version"" Covered=""1"" Comment=""The proxy that sent this request does not have the oldest current version"" ThreadID=""16240622342337496268"" LogGroup=""default"" Roles=""RV,SS"" />",10,fdbserver/Resolver.actor.cpp,485,the proxy that sent this request does not have the oldest current version,False,2
sample2.1.xml,getConsistentReadVersion received GetReadVersionReply delayed by proxy tag throttling,8.700133,"<Event Severity=""10"" Time=""8.700133"" DateTime=""2025-10-24T13:50:45Z"" Type=""CodeCoverage"" Machine=""[abcd::2:1:3:0]:3"" ID=""0000000000000000"" File=""fdbclient/NativeAPI.actor.cpp"" Line=""5502"" Condition=""v.proxyTagThrottledDuration &gt; 0.0"" Covered=""1"" Comment=""getConsistentReadVersion received GetReadVersionReply delayed by proxy tag throttling"" ThreadID=""16240622342337496268"" LogGroup=""default"" Roles=""GP"" />",10,fdbclient/NativeAPI.actor.cpp,5502,getconsistentreadversion received getreadversionreply delayed by proxy tag throttling,False,4
sample2.1.xml,Tracking transaction tag in TransactionTagCounter,9.26393,"<Event Severity=""10"" Time=""9.263930"" DateTime=""2025-10-24T13:50:45Z"" Type=""CodeCoverage"" Machine=""[abcd::2:1:2:0]:2"" ID=""0000000000000000"" File=""fdbserver/TransactionTagCounter.actor.cpp"" Line=""70"" Condition=""true"" Covered=""1"" Comment=""Tracking transaction tag in TransactionTagCounter"" ThreadID=""16240622342337496268"" LogGroup=""default"" Roles=""RV,SS"" />",10,fdbserver/TransactionTagCounter.actor.cpp,70,tracking transaction tag in transactiontagcounter,False,6
sample2.1.xml,Commit proxy failed to progress,18.906928,"<Event Severity=""10"" Time=""18.906928"" DateTime=""2025-10-24T13:50:49Z"" Type=""CodeCoverage"" Machine=""[abcd::2:1:4:1]:4"" ID=""0000000000000000"" File=""fdbserver/CommitProxyServer.actor.cpp"" Line=""4084"" Condition=""e.code() == error_code_failed_to_progress"" Covered=""1"" Comment=""Commit proxy failed to progress"" ThreadID=""16240622342337496268"" LogGroup=""default"" Roles=""CP,SS"" />",10,fdbserver/CommitProxyServer.actor.cpp,4084,commit proxy failed to progress,False,7
sample2.1.xml,Terminated due to commit proxy failure,18.907814,"<Event Severity=""10"" Time=""18.907814"" DateTime=""2025-10-24T13:50:49Z"" Type=""CodeCoverage"" Machine=""[abcd::2:1:2:1]:2"" ID=""0000000000000000"" File=""fdbserver/ClusterController.actor.cpp"" Line=""357"" Condition=""err.code() == error_code_commit_proxy_failed"" Covered=""1"" Comment=""Terminated due to commit proxy failure"" ThreadID=""16240622342337496268"" LogGroup=""default"" Roles=""CC,SS"" />",10,fdbserver/ClusterController.actor.cpp,357,terminated due to commit proxy failure,False,7
sample2.1.xml,Waiting for dummy transaction to report commit_unknown_result,18.908113,"<Event Severity=""10"" Time=""18.908113"" DateTime=""2025-10-24T13:50:49Z"" Type=""CodeCoverage"" Machine=""0.0.0.0:0"" ID=""0000000000000000"" File=""fdbclient/NativeAPI.actor.cpp"" Line=""4970"" Condition=""true"" Covered=""1"" Comment=""Waiting for dummy transaction to report commit_unknown_result"" ThreadID=""16240622342337496268"" LogGroup=""default"" />",10,fdbclient/NativeAPI.actor.cpp,4970,waiting for dummy transaction to report commit_unknown_result,False,0
sample2.1.xml,Master recovery from pre-existing database,19.875413,"<Event Severity=""10"" Time=""19.875413"" DateTime=""2025-10-24T13:50:49Z"" Type=""CodeCoverage"" Machine=""[abcd::2:1:2:1]:2"" ID=""0000000000000000"" File=""fdbserver/TagPartitionedLogSystem.actor.cpp"" Line=""2538"" Condition=""true"" Covered=""1"" Comment=""Master recovery from pre-existing database"" ThreadID=""16240622342337496268"" LogGroup=""default"" Roles=""CC,SS"" />",10,fdbserver/TagPartitionedLogSystem.actor.cpp,2538,master recovery from pre-existing database,False,0
sample2.1.xml,TLog stopped by recovering cluster-controller,19.876163,"<Event Severity=""10"" Time=""19.876163"" DateTime=""2025-10-24T13:50:49Z"" Type=""CodeCoverage"" Machine=""[abcd::2:2:2:1]:4"" ID=""0000000000000000"" File=""fdbserver/TLogServer.actor.cpp"" Line=""841"" Condition=""true"" Covered=""1"" Comment=""TLog stopped by recovering cluster-controller"" ThreadID=""16240622342337496268"" LogGroup=""default"" Roles=""SS,TL"" />",10,fdbserver/TLogServer.actor.cpp,841,tlog stopped by recovering cluster-controller,False,5
sample2.2.xml,Queuing post-resolution commit processing,63.610634,"<Event Severity=""10"" Time=""63.610634"" DateTime=""2025-10-24T13:51:05Z"" Type=""CodeCoverage"" Machine=""[abcd::2:1:2:0]:2"" ID=""0000000000000000"" File=""fdbserver/CommitProxyServer.actor.cpp"" Line=""2336"" Condition=""queuedCommits"" Covered=""1"" Comment=""Queuing post-resolution commit processing"" ThreadID=""16240622342337496268"" LogGroup=""default"" Roles=""CP,SS"" />",10,fdbserver/CommitProxyServer.actor.cpp,2336,queuing post-resolution commit processing,False,0
sample2.2.xml,TLog recovery took more than 1 second,63.962907,"<Event Severity=""10"" Time=""63.962907"" DateTime=""2025-10-24T13:51:06Z"" Type=""CodeCoverage"" Machine=""[abcd::2:0:1:1]:2"" ID=""0000000000000000"" File=""fdbserver/TLogServer.actor.cpp"" Line=""3513"" Condition=""now() - startt &gt;= 1.0"" Covered=""1"" Comment=""TLog recovery took more than 1 second"" ThreadID=""16240622342337496268"" LogGroup=""default"" Roles=""SS,TL"" />",10,fdbserver/TLogServer.actor.cpp,3513,tlog recovery took more than 1 second,False,5
sample2.3.xml,stale GRV proxy detected,314.402677,"<Event Severity=""10"" Time=""314.402677"" DateTime=""2025-10-24T13:52:10Z"" Type=""CodeCoverage"" Machine=""0.0.0.0:0"" ID=""0000000000000000"" File=""fdbclient/NativeAPI.actor.cpp"" Line=""1022"" Condition=""true"" Covered=""0"" Comment=""stale GRV proxy detected"" Rare=""1"" ThreadID=""16240622342337496268"" LogGroup=""default"" />",10,fdbclient/NativeAPI.actor.cpp,1022,stale grv proxy detected,False,7
sample2.3.xml,Commit of a dummy transaction in tenant keyspace,314.402677,"<Event Severity=""10"" Time=""314.402677"" DateTime=""2025-10-24T13:52:10Z"" Type=""CodeCoverage"" Machine=""0.0.0.0:0"" ID=""0000000000000000"" File=""fdbclient/NativeAPI.actor.cpp"" Line=""4541"" Condition=""true"" Covered=""0"" Comment=""Commit of a dummy transaction in tenant keyspace"" ThreadID=""16240622342337496268"" LogGroup=""default"" />",10,fdbclient/NativeAPI.actor.cpp,4541,commit of a dummy transaction in tenant keyspace,False,1
sample2.3.xml,NativeAPI commit has tenant,314.402677,"<Event Severity=""10"" Time=""314.402677"" DateTime=""2025-10-24T13:52:10Z"" Type=""CodeCoverage"" Machine=""0.0.0.0:0"" ID=""0000000000000000"" File=""fdbclient/NativeAPI.actor.cpp"" Line=""4797"" Condition=""trState-&gt;hasTenant()"" Covered=""0"" Comment=""NativeAPI commit has tenant"" ThreadID=""16240622342337496268"" LogGroup=""default"" />",10,fdbclient/NativeAPI.actor.cpp,4797,nativeapi commit has tenant,False,1
sample2.3.xml,Tenant prefix prepend skipped for dummy transaction,314.402677,"<Event Severity=""10"" Time=""314.402677"" DateTime=""2025-10-24T13:52:10Z"" Type=""CodeCoverage"" Machine=""0.0.0.0:0"" ID=""0000000000000000"" File=""fdbclient/NativeAPI.actor.cpp"" Line=""4831"" Condition=""trState-&gt;skipApplyTenantPrefix"" Covered=""0"" Comment=""Tenant prefix prepend skipped for dummy transaction"" ThreadID=""16240622342337496268"" LogGroup=""default"" />",10,fdbclient/NativeAPI.actor.cpp,4831,tenant prefix prepend skipped for dummy transaction,False,1
sample2.3.xml,throttling transaction after getting read version,314.402677,"<Event Severity=""10"" Time=""314.402677"" DateTime=""2025-10-24T13:52:10Z"" Type=""CodeCoverage"" Machine=""0.0.0.0:0"" ID=""0000000000000000"" File=""fdbclient/NativeAPI.actor.cpp"" Line=""5689"" Condition=""true"" Covered=""0"" Comment=""throttling transaction after getting read version"" ThreadID=""16240622342337496268"" LogGroup=""default"" />",10,fdbclient/NativeAPI.actor.cpp,5689,throttling transaction after getting read version,False,6
sample2.3.xml,Throttling tag before GRV request,314.402677,"<Event Severity=""10"" Time=""314.402677"" DateTime=""2025-10-24T13:52:10Z"" Type=""CodeCoverage"" Machine=""0.0.0.0:0"" ID=""0000000000000000"" File=""fdbclient/NativeAPI.actor.cpp"" Line=""5844"" Condition=""true"" Covered=""0"" Comment=""Throttling tag before GRV request"" ThreadID=""16240622342337496268"" LogGroup=""default"" />",10,fdbclient/NativeAPI.actor.cpp,5844,throttling tag before grv request,False,4
sample2.3.xml,Illegal tenant commit to special keys module,314.402677,"<Event Severity=""10"" Time=""314.402677"" DateTime=""2025-10-24T13:52:10Z"" Type=""CodeCoverage"" Machine=""0.0.0.0:0"" ID=""0000000000000000"" File=""fdbclient/SpecialKeySpace.actor.cpp"" Line=""637"" Condition=""true"" Covered=""0"" Comment=""Illegal tenant commit to special keys module"" Rare=""1"" ThreadID=""16240622342337496268"" LogGroup=""default"" />",10,fdbclient/SpecialKeySpace.actor.cpp,637,illegal tenant commit to special keys module,False,1
sample2.3.xml,Tenant rename transaction tenant not found,314.402677,"<Event Severity=""10"" Time=""314.402677"" DateTime=""2025-10-24T13:52:10Z"" Type=""CodeCoverage"" Machine=""0.0.0.0:0"" ID=""0000000000000000"" File=""fdbclient/include/fdbclient/TenantManagement.actor.h"" Line=""686"" Condition=""true"" Covered=""0"" Comment=""Tenant rename transaction tenant not found"" ThreadID=""16240622342337496268"" LogGroup=""default"" />",10,fdbclient/include/fdbclient/TenantManagement.actor.h,686,tenant rename transaction tenant not found,False,1
sample2.3.xml,Tenant rename transaction ID/name mismatch,314.402677,"<Event Severity=""10"" Time=""314.402677"" DateTime=""2025-10-24T13:52:10Z"" Type=""CodeCoverage"" Machine=""0.0.0.0:0"" ID=""0000000000000000"" File=""fdbclient/include/fdbclient/TenantManagement.actor.h"" Line=""694"" Condition=""true"" Covered=""0"" Comment=""Tenant rename transaction ID/name mismatch"" ThreadID=""16240622342337496268"" LogGroup=""default"" />",10,fdbclient/include/fdbclient/TenantManagement.actor.h,694,tenant rename transaction id/name mismatch,False,1
sample2.3.xml,Tenant rename transaction new name already exists,314.402677,"<Event Severity=""10"" Time=""314.402677"" DateTime=""2025-10-24T13:52:10Z"" Type=""CodeCoverage"" Machine=""0.0.0.0:0"" ID=""0000000000000000"" File=""fdbclient/include/fdbclient/TenantManagement.actor.h"" Line=""698"" Condition=""true"" Covered=""0"" Comment=""Tenant rename transaction new name already exists"" ThreadID=""16240622342337496268"" LogGroup=""default"" />",10,fdbclient/include/fdbclient/TenantManagement.actor.h,698,tenant rename transaction new name already exists,False,1
sample2.3.xml,Tenant rename transaction already applied,314.402677,"<Event Severity=""10"" Time=""314.402677"" DateTime=""2025-10-24T13:52:10Z"" Type=""CodeCoverage"" Machine=""0.0.0.0:0"" ID=""0000000000000000"" File=""fdbclient/include/fdbclient/TenantManagement.actor.h"" Line=""704"" Condition=""true"" Covered=""0"" Comment=""Tenant rename transaction already applied"" Rare=""1"" ThreadID=""16240622342337496268"" LogGroup=""default"" />",10,fdbclient/include/fdbclient/TenantManagement.actor.h,704,tenant rename transaction already applied,False,1
sample2.3.xml,Tenant rename transaction inside group,314.402677,"<Event Severity=""10"" Time=""314.402677"" DateTime=""2025-10-24T13:52:10Z"" Type=""CodeCoverage"" Machine=""0.0.0.0:0"" ID=""0000000000000000"" File=""fdbclient/include/fdbclient/TenantManagement.actor.h"" Line=""717"" Condition=""true"" Covered=""0"" Comment=""Tenant rename transaction inside group"" ThreadID=""16240622342337496268"" LogGroup=""default"" />",10,fdbclient/include/fdbclient/TenantManagement.actor.h,717,tenant rename transaction inside group,False,1
sample2.3.xml,encrypting resolver mutations,314.402677,"<Event Severity=""10"" Time=""314.402677"" DateTime=""2025-10-24T13:52:10Z"" Type=""CodeCoverage"" Machine=""0.0.0.0:0"" ID=""0000000000000000"" File=""fdbserver/ApplyMetadataMutation.cpp"" Line=""211"" Condition=""forResolver"" Covered=""0"" Comment=""encrypting resolver mutations"" Rare=""1"" ThreadID=""16240622342337496268"" LogGroup=""default"" />",10,fdbserver/ApplyMetadataMutation.cpp,211,encrypting resolver mutations,False,0
sample2.3.xml,Terminated due to tLog failure,314.402677,"<Event Severity=""10"" Time=""314.402677"" DateTime=""2025-10-24T13:52:10Z"" Type=""CodeCoverage"" Machine=""0.0.0.0:0"" ID=""0000000000000000"" File=""fdbserver/ClusterController.actor.cpp"" Line=""356"" Condition=""err.code() == error_code_tlog_failed"" Covered=""0"" Comment=""Terminated due to tLog failure"" ThreadID=""16240622342337496268"" LogGroup=""default"" />",10,fdbserver/ClusterController.actor.cpp,356,terminated due to tlog failure,False,5
sample2.3.xml,Terminated due to GRV proxy failure,314.402677,"<Event Severity=""10"" Time=""314.402677"" DateTime=""2025-10-24T13:52:10Z"" Type=""CodeCoverage"" Machine=""0.0.0.0:0"" ID=""0000000000000000"" File=""fdbserver/ClusterController.actor.cpp"" Line=""358"" Condition=""err.code() == error_code_grv_proxy_failed"" Covered=""0"" Comment=""Terminated due to GRV proxy failure"" ThreadID=""16240622342337496268"" LogGroup=""default"" />",10,fdbserver/ClusterController.actor.cpp,358,terminated due to grv proxy failure,False,7
sample2.3.xml,Terminated due to resolver failure,314.402677,"<Event Severity=""10"" Time=""314.402677"" DateTime=""2025-10-24T13:52:10Z"" Type=""CodeCoverage"" Machine=""0.0.0.0:0"" ID=""0000000000000000"" File=""fdbserver/ClusterController.actor.cpp"" Line=""359"" Condition=""err.code() == error_code_resolver_failed"" Covered=""0"" Comment=""Terminated due to resolver failure"" ThreadID=""16240622342337496268"" LogGroup=""default"" />",10,fdbserver/ClusterController.actor.cpp,359,terminated due to resolver failure,False,7
sample2.3.xml,"Coordinated state conflict, recovery terminating",314.402677,"<Event Severity=""10"" Time=""314.402677"" DateTime=""2025-10-24T13:52:10Z"" Type=""CodeCoverage"" Machine=""0.0.0.0:0"" ID=""0000000000000000"" File=""fdbserver/ClusterRecovery.actor.cpp"" Line=""76"" Condition=""true"" Covered=""0"" Comment=""Coordinated state conflict, recovery terminating"" ThreadID=""16240622342337496268"" LogGroup=""default"" />",10,fdbserver/ClusterRecovery.actor.cpp,76,"coordinated state conflict, recovery terminating",False,0
sample2.3.xml,Cluster recovery failed because of the initial commit failed,314.402677,"<Event Severity=""10"" Time=""314.402677"" DateTime=""2025-10-24T13:52:10Z"" Type=""CodeCoverage"" Machine=""0.0.0.0:0"" ID=""0000000000000000"" File=""fdbserver/ClusterRecovery.actor.cpp"" Line=""1841"" Condition=""true"" Covered=""0"" Comment=""Cluster recovery failed because of the initial commit failed"" ThreadID=""16240622342337496268"" LogGroup=""default"" />",10,fdbserver/ClusterRecovery.actor.cpp,1841,cluster recovery failed because of the initial commit failed,False,3
sample2.3.xml,Commit proxy tenant not found,314.402677,"<Event Severity=""10"" Time=""314.402677"" DateTime=""2025-10-24T13:52:10Z"" Type=""CodeCoverage"" Machine=""0.0.0.0:0"" ID=""0000000000000000"" File=""fdbserver/CommitProxyServer.actor.cpp"" Line=""294"" Condition=""true"" Covered=""0"" Comment=""Commit proxy tenant not found"" ThreadID=""16240622342337496268"" LogGroup=""default"" />",10,fdbserver/CommitProxyServer.actor.cpp,294,commit proxy tenant not found,False,1
sample2.3.xml,Commit proxy tenant not found waiting for min version,314.402677,"<Event Severity=""10"" Time=""314.402677"" DateTime=""2025-10-24T13:52:10Z"" Type=""CodeCoverage"" Machine=""0.0.0.0:0"" ID=""0000000000000000"" File=""fdbserver/CommitProxyServer.actor.cpp"" Line=""312"" Condition=""true"" Covered=""0"" Comment=""Commit proxy tenant not found waiting for min version"" ThreadID=""16240622342337496268"" LogGroup=""default"" />",10,fdbserver/CommitProxyServer.actor.cpp,312,commit proxy tenant not found waiting for min version,False,1
sample2.3.xml,Commit proxy access invalid tenant,314.402677,"<Event Severity=""10"" Time=""314.402677"" DateTime=""2025-10-24T13:52:10Z"" Type=""CodeCoverage"" Machine=""0.0.0.0:0"" ID=""0000000000000000"" File=""fdbserver/CommitProxyServer.actor.cpp"" Line=""1226"" Condition=""!isLegalTenant"" Covered=""0"" Comment=""Commit proxy access invalid tenant"" ThreadID=""16240622342337496268"" LogGroup=""default"" />",10,fdbserver/CommitProxyServer.actor.cpp,1226,commit proxy access invalid tenant,False,1
sample2.3.xml,Commit proxy transaction tenant failure,314.402677,"<Event Severity=""10"" Time=""314.402677"" DateTime=""2025-10-24T13:52:10Z"" Type=""CodeCoverage"" Machine=""0.0.0.0:0"" ID=""0000000000000000"" File=""fdbserver/CommitProxyServer.actor.cpp"" Line=""1774"" Condition=""true"" Covered=""0"" Comment=""Commit proxy transaction tenant failure"" ThreadID=""16240622342337496268"" LogGroup=""default"" />",10,fdbserver/CommitProxyServer.actor.cpp,1774,commit proxy transaction tenant failure,False,1
sample2.3.xml,Tenant ID request trigger commit,314.402677,"<Event Severity=""10"" Time=""314.402677"" DateTime=""2025-10-24T13:52:10Z"" Type=""CodeCoverage"" Machine=""0.0.0.0:0"" ID=""0000000000000000"" File=""fdbserver/CommitProxyServer.actor.cpp"" Line=""2985"" Condition=""true"" Covered=""0"" Comment=""Tenant ID request trigger commit"" ThreadID=""16240622342337496268"" LogGroup=""default"" />",10,fdbserver/CommitProxyServer.actor.cpp,2985,tenant id request trigger commit,False,1
sample2.3.xml,"Commit proxy apply metadata mutations from txnStateStore on recovery, with encryption-at-rest enabled",314.402677,"<Event Severity=""10"" Time=""314.402677"" DateTime=""2025-10-24T13:52:10Z"" Type=""CodeCoverage"" Machine=""0.0.0.0:0"" ID=""0000000000000000"" File=""fdbserver/CommitProxyServer.actor.cpp"" Line=""3681"" Condition=""pContext-&gt;pCommitData-&gt;encryptMode.isEncryptionEnabled()"" Covered=""0"" Comment=""Commit proxy apply metadata mutations from txnStateStore on recovery, with encryption-at-rest enabled"" ThreadID=""16240622342337496268"" LogGroup=""default"" />",10,fdbserver/CommitProxyServer.actor.cpp,3681,"commit proxy apply metadata mutations from txnstatestore on recovery, with encryption-at-rest enabled",False,0
sample2.3.xml,consistency scan loop shard too large for one transaction,314.402677,"<Event Severity=""10"" Time=""314.402677"" DateTime=""2025-10-24T13:52:10Z"" Type=""CodeCoverage"" Machine=""0.0.0.0:0"" ID=""0000000000000000"" File=""fdbserver/ConsistencyScan.actor.cpp"" Line=""943"" Condition=""failedRequest.get().code() == error_code_transaction_too_old"" Covered=""0"" Comment=""consistency scan loop shard too large for one transaction"" ThreadID=""16240622342337496268"" LogGroup=""default"" />",10,fdbserver/ConsistencyScan.actor.cpp,943,consistency scan loop shard too large for one transaction,False,0
sample2.3.xml,DiskQueue: Recovery popped position not fully durable,314.402677,"<Event Severity=""10"" Time=""314.402677"" DateTime=""2025-10-24T13:52:10Z"" Type=""CodeCoverage"" Machine=""0.0.0.0:0"" ID=""0000000000000000"" File=""fdbserver/DiskQueue.actor.cpp"" Line=""1394"" Condition=""poppedNotDurable"" Covered=""0"" Comment=""DiskQueue: Recovery popped position not fully durable"" ThreadID=""16240622342337496268"" LogGroup=""default"" />",10,fdbserver/DiskQueue.actor.cpp,1394,diskqueue: recovery popped position not fully durable,False,0
sample2.3.xml,GRV proxy returning tag throttle,314.402677,"<Event Severity=""10"" Time=""314.402677"" DateTime=""2025-10-24T13:52:10Z"" Type=""CodeCoverage"" Machine=""0.0.0.0:0"" ID=""0000000000000000"" File=""fdbserver/GrvProxyServer.actor.cpp"" Line=""783"" Condition=""true"" Covered=""0"" Comment=""GRV proxy returning tag throttle"" ThreadID=""16240622342337496268"" LogGroup=""default"" />",10,fdbserver/GrvProxyServer.actor.cpp,783,grv proxy returning tag throttle,False,4
sample2.3.xml,GRV proxy expiring tag throttle,314.402677,"<Event Severity=""10"" Time=""314.402677"" DateTime=""2025-10-24T13:52:10Z"" Type=""CodeCoverage"" Machine=""0.0.0.0:0"" ID=""0000000000000000"" File=""fdbserver/GrvProxyServer.actor.cpp"" Line=""788"" Condition=""true"" Covered=""0"" Comment=""GRV proxy expiring tag throttle"" ThreadID=""16240622342337496268"" LogGroup=""default"" />",10,fdbserver/GrvProxyServer.actor.cpp,788,grv proxy expiring tag throttle,False,4
sample2.3.xml,GrvProxyServer tlog failed,314.402677,"<Event Severity=""10"" Time=""314.402677"" DateTime=""2025-10-24T13:52:10Z"" Type=""CodeCoverage"" Machine=""0.0.0.0:0"" ID=""0000000000000000"" File=""fdbserver/GrvProxyServer.actor.cpp"" Line=""1193"" Condition=""e.code() == error_code_tlog_failed"" Covered=""0"" Comment=""GrvProxyServer tlog failed"" ThreadID=""16240622342337496268"" LogGroup=""default"" />",10,fdbserver/GrvProxyServer.actor.cpp,1193,grvproxyserver tlog failed,False,7
sample2.3.xml,GrvProxyTagThrottler throttling transaction,314.402677,"<Event Severity=""10"" Time=""314.402677"" DateTime=""2025-10-24T13:52:10Z"" Type=""CodeCoverage"" Machine=""0.0.0.0:0"" ID=""0000000000000000"" File=""fdbserver/GrvProxyTagThrottler.actor.cpp"" Line=""184"" Condition=""true"" Covered=""0"" Comment=""GrvProxyTagThrottler throttling transaction"" ThreadID=""16240622342337496268"" LogGroup=""default"" />",10,fdbserver/GrvProxyTagThrottler.actor.cpp,184,grvproxytagthrottler throttling transaction,False,4
sample2.3.xml,Fixing a partial commit at the end of the KeyValueStoreMemory log,314.402677,"<Event Severity=""10"" Time=""314.402677"" DateTime=""2025-10-24T13:52:10Z"" Type=""CodeCoverage"" Machine=""0.0.0.0:0"" ID=""0000000000000000"" File=""fdbserver/KeyValueStoreMemory.actor.cpp"" Line=""777"" Condition=""true"" Covered=""0"" Comment=""Fixing a partial commit at the end of the KeyValueStoreMemory log"" ThreadID=""16240622342337496268"" LogGroup=""default"" />",10,fdbserver/KeyValueStoreMemory.actor.cpp,777,fixing a partial commit at the end of the keyvaluestorememory log,False,0
sample2.3.xml,KeyValueStoreMemory recovered partial transaction while encryption-at-rest is enabled,314.402677,"<Event Severity=""10"" Time=""314.402677"" DateTime=""2025-10-24T13:52:10Z"" Type=""CodeCoverage"" Machine=""0.0.0.0:0"" ID=""0000000000000000"" File=""fdbserver/KeyValueStoreMemory.actor.cpp"" Line=""802"" Condition=""self-&gt;enableEncryption &amp;&amp; self-&gt;uncommittedBytes() &gt; 0"" Covered=""0"" Comment=""KeyValueStoreMemory recovered partial transaction while encryption-at-rest is enabled"" Rare=""1"" ThreadID=""16240622342337496268"" LogGroup=""default"" />",10,fdbserver/KeyValueStoreMemory.actor.cpp,802,keyvaluestorememory recovered partial transaction while encryption-at-rest is enabled,False,0
sample2.3.xml,tlog peek second attempt ended at a different version,314.402677,"<Event Severity=""10"" Time=""314.402677"" DateTime=""2025-10-24T13:52:10Z"" Type=""CodeCoverage"" Machine=""0.0.0.0:0"" ID=""0000000000000000"" File=""fdbserver/LogRouter.cpp"" Line=""688"" Condition=""true"" Covered=""0"" Comment=""tlog peek second attempt ended at a different version"" ThreadID=""16240622342337496268"" LogGroup=""default"" />",10,fdbserver/LogRouter.cpp,688,tlog peek second attempt ended at a different version,False,5
sample2.3.xml,The caller had a transaction in flight that assigned keys to the server.  Wait for it to reverse its mistake.,314.402677,"<Event Severity=""10"" Time=""314.402677"" DateTime=""2025-10-24T13:52:10Z"" Type=""CodeCoverage"" Machine=""0.0.0.0:0"" ID=""0000000000000000"" File=""fdbserver/MoveKeys.actor.cpp"" Line=""2674"" Condition=""true"" Covered=""0"" Comment=""The caller had a transaction in flight that assigned keys to the server.  Wait for it to reverse its mistake."" ThreadID=""16240622342337496268"" LogGroup=""default"" />",10,fdbserver/MoveKeys.actor.cpp,2674,the caller had a transaction in flight that assigned keys to the server. wait for it to reverse its mistake.,False,0
sample2.3.xml,Storage server already removed after retrying transaction,314.402677,"<Event Severity=""10"" Time=""314.402677"" DateTime=""2025-10-24T13:52:10Z"" Type=""CodeCoverage"" Machine=""0.0.0.0:0"" ID=""0000000000000000"" File=""fdbserver/MoveKeys.actor.cpp"" Line=""2695"" Condition=""true"" Covered=""0"" Comment=""Storage server already removed after retrying transaction"" ThreadID=""16240622342337496268"" LogGroup=""default"" />",10,fdbserver/MoveKeys.actor.cpp,2695,storage server already removed after retrying transaction,False,0
sample2.3.xml,Returning tag throttles to a proxy,314.402677,"<Event Severity=""10"" Time=""314.402677"" DateTime=""2025-10-24T13:52:10Z"" Type=""CodeCoverage"" Machine=""0.0.0.0:0"" ID=""0000000000000000"" File=""fdbserver/Ratekeeper.actor.cpp"" Line=""514"" Condition=""returningTagsToProxy"" Covered=""0"" Comment=""Returning tag throttles to a proxy"" ThreadID=""16240622342337496268"" LogGroup=""default"" />",10,fdbserver/Ratekeeper.actor.cpp,514,returning tag throttles to a proxy,False,4
sample2.3.xml,Resolver detects forced recovery,314.402677,"<Event Severity=""10"" Time=""314.402677"" DateTime=""2025-10-24T13:52:10Z"" Type=""CodeCoverage"" Machine=""0.0.0.0:0"" ID=""0000000000000000"" File=""fdbserver/Resolver.actor.cpp"" Line=""433"" Condition=""self-&gt;forceRecovery"" Covered=""0"" Comment=""Resolver detects forced recovery"" ThreadID=""16240622342337496268"" LogGroup=""default"" />",10,fdbserver/Resolver.actor.cpp,433,resolver detects forced recovery,False,0
sample2.3.xml,No outstanding batches for version on proxy,314.402677,"<Event Severity=""10"" Time=""314.402677"" DateTime=""2025-10-24T13:52:10Z"" Type=""CodeCoverage"" Machine=""0.0.0.0:0"" ID=""0000000000000000"" File=""fdbserver/Resolver.actor.cpp"" Line=""553"" Condition=""true"" Covered=""0"" Comment=""No outstanding batches for version on proxy"" Rare=""1"" ThreadID=""16240622342337496268"" LogGroup=""default"" />",10,fdbserver/Resolver.actor.cpp,553,no outstanding batches for version on proxy,False,2
sample2.3.xml,Transaction tag manually throttled,314.402677,"<Event Severity=""10"" Time=""314.402677"" DateTime=""2025-10-24T13:52:10Z"" Type=""CodeCoverage"" Machine=""0.0.0.0:0"" ID=""0000000000000000"" File=""fdbserver/RkTagThrottleCollection.cpp"" Line=""180"" Condition=""true"" Covered=""0"" Comment=""Transaction tag manually throttled"" ThreadID=""16240622342337496268"" LogGroup=""default"" />",10,fdbserver/RkTagThrottleCollection.cpp,180,transaction tag manually throttled,False,6
sample2.3.xml,Manual transaction tag throttle updated,314.402677,"<Event Severity=""10"" Time=""314.402677"" DateTime=""2025-10-24T13:52:10Z"" Type=""CodeCoverage"" Machine=""0.0.0.0:0"" ID=""0000000000000000"" File=""fdbserver/RkTagThrottleCollection.cpp"" Line=""187"" Condition=""true"" Covered=""0"" Comment=""Manual transaction tag throttle updated"" ThreadID=""16240622342337496268"" LogGroup=""default"" />",10,fdbserver/RkTagThrottleCollection.cpp,187,manual transaction tag throttle updated,False,6
sample2.3.xml,Fixing a partial commit at the end of the tlog queue,314.402677,"<Event Severity=""10"" Time=""314.402677"" DateTime=""2025-10-24T13:52:10Z"" Type=""CodeCoverage"" Machine=""0.0.0.0:0"" ID=""0000000000000000"" File=""fdbserver/TLogServer.actor.cpp"" Line=""191"" Condition=""true"" Covered=""0"" Comment=""Fixing a partial commit at the end of the tlog queue"" Rare=""1"" ThreadID=""16240622342337496268"" LogGroup=""default"" />",10,fdbserver/TLogServer.actor.cpp,191,fixing a partial commit at the end of the tlog queue,False,5
sample2.3.xml,tlog peek second attempt ended at a different version (2),314.402677,"<Event Severity=""10"" Time=""314.402677"" DateTime=""2025-10-24T13:52:10Z"" Type=""CodeCoverage"" Machine=""0.0.0.0:0"" ID=""0000000000000000"" File=""fdbserver/TLogServer.actor.cpp"" Line=""2219"" Condition=""true"" Covered=""0"" Comment=""tlog peek second attempt ended at a different version (2)"" ThreadID=""16240622342337496268"" LogGroup=""default"" />",10,fdbserver/TLogServer.actor.cpp,2219,tlog peek second attempt ended at a different version (2),False,5
sample2.3.xml,A TLog was replaced before having a chance to commit its queue,314.402677,"<Event Severity=""10"" Time=""314.402677"" DateTime=""2025-10-24T13:52:10Z"" Type=""CodeCoverage"" Machine=""0.0.0.0:0"" ID=""0000000000000000"" File=""fdbserver/TLogServer.actor.cpp"" Line=""2340"" Condition=""true"" Covered=""0"" Comment=""A TLog was replaced before having a chance to commit its queue"" Rare=""1"" ThreadID=""16240622342337496268"" LogGroup=""default"" />",10,fdbserver/TLogServer.actor.cpp,2340,a tlog was replaced before having a chance to commit its queue,False,5
sample2.3.xml,Stopping tlog because new dbinfo has a higher recovery count,314.402677,"<Event Severity=""10"" Time=""314.402677"" DateTime=""2025-10-24T13:52:10Z"" Type=""CodeCoverage"" Machine=""0.0.0.0:0"" ID=""0000000000000000"" File=""fdbserver/TLogServer.actor.cpp"" Line=""2617"" Condition=""true"" Covered=""0"" Comment=""Stopping tlog because new dbinfo has a higher recovery count"" ThreadID=""16240622342337496268"" LogGroup=""default"" />",10,fdbserver/TLogServer.actor.cpp,2617,stopping tlog because new dbinfo has a higher recovery count,False,5
sample2.3.xml,all tlogs removed during queue recovery,314.402677,"<Event Severity=""10"" Time=""314.402677"" DateTime=""2025-10-24T13:52:10Z"" Type=""CodeCoverage"" Machine=""0.0.0.0:0"" ID=""0000000000000000"" File=""fdbserver/TLogServer.actor.cpp"" Line=""3448"" Condition=""true"" Covered=""0"" Comment=""all tlogs removed during queue recovery"" ThreadID=""16240622342337496268"" LogGroup=""default"" />",10,fdbserver/TLogServer.actor.cpp,3448,all tlogs removed during queue recovery,False,5
sample2.3.xml,Flush excess data during TLog queue recovery,314.402677,"<Event Severity=""10"" Time=""314.402677"" DateTime=""2025-10-24T13:52:10Z"" Type=""CodeCoverage"" Machine=""0.0.0.0:0"" ID=""0000000000000000"" File=""fdbserver/TLogServer.actor.cpp"" Line=""3479"" Condition=""true"" Covered=""0"" Comment=""Flush excess data during TLog queue recovery"" ThreadID=""16240622342337496268"" LogGroup=""default"" />",10,fdbserver/TLogServer.actor.cpp,3479,flush excess data during tlog queue recovery,False,5
sample2.3.xml,Restarting recovery at an earlier point,314.402677,"<Event Severity=""10"" Time=""314.402677"" DateTime=""2025-10-24T13:52:10Z"" Type=""CodeCoverage"" Machine=""0.0.0.0:0"" ID=""0000000000000000"" File=""fdbserver/TagPartitionedLogSystem.actor.cpp"" Line=""2711"" Condition=""lastEnd.present()"" Covered=""0"" Comment=""Restarting recovery at an earlier point"" ThreadID=""16240622342337496268"" LogGroup=""default"" />",10,fdbserver/TagPartitionedLogSystem.actor.cpp,2711,restarting recovery at an earlier point,False,0
sample2.3.xml,Converting tag throttle duration to absolute time,314.402677,"<Event Severity=""10"" Time=""314.402677"" DateTime=""2025-10-24T13:52:10Z"" Type=""CodeCoverage"" Machine=""0.0.0.0:0"" ID=""0000000000000000"" File=""fdbserver/TagThrottler.actor.cpp"" Line=""90"" Condition=""true"" Covered=""0"" Comment=""Converting tag throttle duration to absolute time"" ThreadID=""16240622342337496268"" LogGroup=""default"" />",10,fdbserver/TagThrottler.actor.cpp,90,converting tag throttle duration to absolute time,False,4
sample2.3.xml,Tag throttle changes detected,314.402677,"<Event Severity=""10"" Time=""314.402677"" DateTime=""2025-10-24T13:52:10Z"" Type=""CodeCoverage"" Machine=""0.0.0.0:0"" ID=""0000000000000000"" File=""fdbserver/TagThrottler.actor.cpp"" Line=""128"" Condition=""true"" Covered=""0"" Comment=""Tag throttle changes detected"" ThreadID=""16240622342337496268"" LogGroup=""default"" />",10,fdbserver/TagThrottler.actor.cpp,128,tag throttle changes detected,False,4
sample2.3.xml,Transaction tag auto-throttled,314.402677,"<Event Severity=""10"" Time=""314.402677"" DateTime=""2025-10-24T13:52:10Z"" Type=""CodeCoverage"" Machine=""0.0.0.0:0"" ID=""0000000000000000"" File=""fdbserver/TagThrottler.actor.cpp"" Line=""142"" Condition=""true"" Covered=""0"" Comment=""Transaction tag auto-throttled"" ThreadID=""16240622342337496268"" LogGroup=""default"" />",10,fdbserver/TagThrottler.actor.cpp,142,transaction tag auto-throttled,False,6
sample2.3.xml,"Coordinated state changed between writing and reading, recovery restarting",314.402677,"<Event Severity=""10"" Time=""314.402677"" DateTime=""2025-10-24T13:52:10Z"" Type=""CodeCoverage"" Machine=""0.0.0.0:0"" ID=""0000000000000000"" File=""fdbserver/include/fdbserver/ClusterRecovery.actor.h"" Line=""163"" Condition=""true"" Covered=""0"" Comment=""Coordinated state changed between writing and reading, recovery restarting"" ThreadID=""16240622342337496268"" LogGroup=""default"" />",10,fdbserver/include/fdbserver/ClusterRecovery.actor.h,163,"coordinated state changed between writing and reading, recovery restarting",False,0
sample2.3.xml,TLog degraded,314.402677,"<Event Severity=""10"" Time=""314.402677"" DateTime=""2025-10-24T13:52:10Z"" Type=""CodeCoverage"" Machine=""0.0.0.0:0"" ID=""0000000000000000"" File=""fdbserver/include/fdbserver/WorkerInterface.actor.h"" Line=""1292"" Condition=""true"" Covered=""0"" Comment=""TLog degraded"" ThreadID=""16240622342337496268"" LogGroup=""default"" />",10,fdbserver/include/fdbserver/WorkerInterface.actor.h,1292,tlog degraded,False,5
sample2.3.xml,Commit version request queued up,314.402677,"<Event Severity=""10"" Time=""314.402677"" DateTime=""2025-10-24T13:52:10Z"" Type=""CodeCoverage"" Machine=""0.0.0.0:0"" ID=""0000000000000000"" File=""fdbserver/masterserver.actor.cpp"" Line=""146"" Condition=""proxyItr-&gt;second.latestRequestNum.get() &lt; req.requestNum - 1"" Covered=""0"" Comment=""Commit version request queued up"" Rare=""1"" ThreadID=""16240622342337496268"" LogGroup=""default"" />",10,fdbserver/masterserver.actor.cpp,146,commit version request queued up,False,0
sample2.3.xml,Master: terminated due to tLog failure,314.402677,"<Event Severity=""10"" Time=""314.402677"" DateTime=""2025-10-24T13:52:10Z"" Type=""CodeCoverage"" Machine=""0.0.0.0:0"" ID=""0000000000000000"" File=""fdbserver/masterserver.actor.cpp"" Line=""599"" Condition=""err.code() == error_code_tlog_failed"" Covered=""0"" Comment=""Master: terminated due to tLog failure"" Rare=""1"" ThreadID=""16240622342337496268"" LogGroup=""default"" />",10,fdbserver/masterserver.actor.cpp,599,master: terminated due to tlog failure,False,5
sample2.3.xml,Master: terminated due to commit proxy failure,314.402677,"<Event Severity=""10"" Time=""314.402677"" DateTime=""2025-10-24T13:52:10Z"" Type=""CodeCoverage"" Machine=""0.0.0.0:0"" ID=""0000000000000000"" File=""fdbserver/masterserver.actor.cpp"" Line=""601"" Condition=""err.code() == error_code_commit_proxy_failed"" Covered=""0"" Comment=""Master: terminated due to commit proxy failure"" Rare=""1"" ThreadID=""16240622342337496268"" LogGroup=""default"" />",10,fdbserver/masterserver.actor.cpp,601,master: terminated due to commit proxy failure,False,7
sample2.3.xml,Master: terminated due to GRV proxy failure,314.402677,"<Event Severity=""10"" Time=""314.402677"" DateTime=""2025-10-24T13:52:10Z"" Type=""CodeCoverage"" Machine=""0.0.0.0:0"" ID=""0000000000000000"" File=""fdbserver/masterserver.actor.cpp"" Line=""604"" Condition=""err.code() == error_code_grv_proxy_failed"" Covered=""0"" Comment=""Master: terminated due to GRV proxy failure"" Rare=""1"" ThreadID=""16240622342337496268"" LogGroup=""default"" />",10,fdbserver/masterserver.actor.cpp,604,master: terminated due to grv proxy failure,False,7
sample2.3.xml,Master: terminated due to resolver failure,314.402677,"<Event Severity=""10"" Time=""314.402677"" DateTime=""2025-10-24T13:52:10Z"" Type=""CodeCoverage"" Machine=""0.0.0.0:0"" ID=""0000000000000000"" File=""fdbserver/masterserver.actor.cpp"" Line=""607"" Condition=""err.code() == error_code_resolver_failed"" Covered=""0"" Comment=""Master: terminated due to resolver failure"" Rare=""1"" ThreadID=""16240622342337496268"" LogGroup=""default"" />",10,fdbserver/masterserver.actor.cpp,607,master: terminated due to resolver failure,False,7
sample2.3.xml,it's possible that the caller had a transaction in flight that assigned keys to the server. Wait for it to reverse its mistake.,314.402677,"<Event Severity=""10"" Time=""314.402677"" DateTime=""2025-10-24T13:52:10Z"" Type=""CodeCoverage"" Machine=""0.0.0.0:0"" ID=""0000000000000000"" File=""fdbserver/storageserver.actor.cpp"" Line=""12454"" Condition=""true"" Covered=""0"" Comment=""it's possible that the caller had a transaction in flight that assigned keys to the server. Wait for it to reverse its mistake."" ThreadID=""16240622342337496268"" LogGroup=""default"" />",10,fdbserver/storageserver.actor.cpp,12454,it's possible that the caller had a transaction in flight that assigned keys to the server. wait for it to reverse its mistake.,False,0
sample2.3.xml,EncryptionAtRestPlaintextMarkerCheckScanned TLog file scanned,314.402677,"<Event Severity=""10"" Time=""314.402677"" DateTime=""2025-10-24T13:52:10Z"" Type=""CodeCoverage"" Machine=""0.0.0.0:0"" ID=""0000000000000000"" File=""fdbserver/tester.actor.cpp"" Line=""2630"" Condition=""true"" Covered=""0"" Comment=""EncryptionAtRestPlaintextMarkerCheckScanned TLog file scanned"" Rare=""1"" ThreadID=""16240622342337496268"" LogGroup=""default"" />",10,fdbserver/tester.actor.cpp,2630,encryptionatrestplaintextmarkercheckscanned tlog file scanned,False,5
sample2.3.xml,Exclude failed tlog,314.402677,"<Event Severity=""10"" Time=""314.402677"" DateTime=""2025-10-24T13:52:10Z"" Type=""CodeCoverage"" Machine=""0.0.0.0:0"" ID=""0000000000000000"" File=""fdbserver/workloads/ClogTlog.actor.cpp"" Line=""140"" Condition=""true"" Covered=""0"" Comment=""Exclude failed tlog"" ThreadID=""16240622342337496268"" LogGroup=""default"" />",10,fdbserver/workloads/ClogTlog.actor.cpp,140,exclude failed tlog,False,5
sample2.3.xml,Commit unknown result,314.402677,"<Event Severity=""10"" Time=""314.402677"" DateTime=""2025-10-24T13:52:10Z"" Type=""CodeCoverage"" Machine=""0.0.0.0:0"" ID=""0000000000000000"" File=""fdbserver/workloads/CommitBugCheck.actor.cpp"" Line=""51"" Condition=""e.code() == error_code_commit_unknown_result"" Covered=""0"" Comment=""Commit unknown result"" ThreadID=""16240622342337496268"" LogGroup=""default"" />",10,fdbserver/workloads/CommitBugCheck.actor.cpp,51,commit unknown result,False,0
sample2.3.xml,Commit conflict,314.402677,"<Event Severity=""10"" Time=""314.402677"" DateTime=""2025-10-24T13:52:10Z"" Type=""CodeCoverage"" Machine=""0.0.0.0:0"" ID=""0000000000000000"" File=""fdbserver/workloads/CommitBugCheck.actor.cpp"" Line=""142"" Condition=""true"" Covered=""0"" Comment=""Commit conflict"" ThreadID=""16240622342337496268"" LogGroup=""default"" />",10,fdbserver/workloads/CommitBugCheck.actor.cpp,142,commit conflict,False,0
sample2.3.xml,incrementCheckData transaction has value,314.402677,"<Event Severity=""10"" Time=""314.402677"" DateTime=""2025-10-24T13:52:10Z"" Type=""CodeCoverage"" Machine=""0.0.0.0:0"" ID=""0000000000000000"" File=""fdbserver/workloads/Increment.actor.cpp"" Line=""111"" Condition=""self-&gt;transactions.getValue()"" Covered=""0"" Comment=""incrementCheckData transaction has value"" ThreadID=""16240622342337496268"" LogGroup=""default"" />",10,fdbserver/workloads/Increment.actor.cpp,111,incrementcheckdata transaction has value,False,6
sample2.3.xml,Caught tenant map changing and normal key writing in the same transaction.,314.402677,"<Event Severity=""10"" Time=""314.402677"" DateTime=""2025-10-24T13:52:10Z"" Type=""CodeCoverage"" Machine=""0.0.0.0:0"" ID=""0000000000000000"" File=""fdbserver/workloads/RawTenantAccessWorkload.actor.cpp"" Line=""317"" Condition=""illegalAccessCaught"" Covered=""0"" Comment=""Caught tenant map changing and normal key writing in the same transaction."" ThreadID=""16240622342337496268"" LogGroup=""default"" />",10,fdbserver/workloads/RawTenantAccessWorkload.actor.cpp,317,caught tenant map changing and normal key writing in the same transaction.,False,1
sample2.3.xml,conflict range tenant commit succeeded,314.402677,"<Event Severity=""10"" Time=""314.402677"" DateTime=""2025-10-24T13:52:10Z"" Type=""CodeCoverage"" Machine=""0.0.0.0:0"" ID=""0000000000000000"" File=""fdbserver/workloads/SpecialKeySpaceCorrectness.actor.cpp"" Line=""386"" Condition=""true"" Covered=""0"" Comment=""conflict range tenant commit succeeded"" ThreadID=""16240622342337496268"" LogGroup=""default"" />",10,fdbserver/workloads/SpecialKeySpaceCorrectness.actor.cpp,386,conflict range tenant commit succeeded,False,1
sample2.3.xml,conflict range tenant commit error thrown,314.402677,"<Event Severity=""10"" Time=""314.402677"" DateTime=""2025-10-24T13:52:10Z"" Type=""CodeCoverage"" Machine=""0.0.0.0:0"" ID=""0000000000000000"" File=""fdbserver/workloads/SpecialKeySpaceCorrectness.actor.cpp"" Line=""390"" Condition=""true"" Covered=""0"" Comment=""conflict range tenant commit error thrown"" ThreadID=""16240622342337496268"" LogGroup=""default"" />",10,fdbserver/workloads/SpecialKeySpaceCorrectness.actor.cpp,390,conflict range tenant commit error thrown,False,1
sample2.3.xml,read transaction special keyrange,314.402677,"<Event Severity=""10"" Time=""314.402677"" DateTime=""2025-10-24T13:52:10Z"" Type=""CodeCoverage"" Machine=""0.0.0.0:0"" ID=""0000000000000000"" File=""fdbserver/workloads/SpecialKeySpaceCorrectness.actor.cpp"" Line=""489"" Condition=""true"" Covered=""0"" Comment=""read transaction special keyrange"" ThreadID=""16240622342337496268"" LogGroup=""default"" />",10,fdbserver/workloads/SpecialKeySpaceCorrectness.actor.cpp,489,read transaction special keyrange,False,6
sample2.3.xml,Read write conflict range of committed transaction,314.402677,"<Event Severity=""10"" Time=""314.402677"" DateTime=""2025-10-24T13:52:10Z"" Type=""CodeCoverage"" Machine=""0.0.0.0:0"" ID=""0000000000000000"" File=""fdbserver/workloads/SpecialKeySpaceCorrectness.actor.cpp"" Line=""699"" Condition=""true"" Covered=""0"" Comment=""Read write conflict range of committed transaction"" ThreadID=""16240622342337496268"" LogGroup=""default"" />",10,fdbserver/workloads/SpecialKeySpaceCorrectness.actor.cpp,699,read write conflict range of committed transaction,False,0
sample2.3.xml,Run metacluster transaction on registering cluster,314.402677,"<Event Severity=""10"" Time=""314.402677"" DateTime=""2025-10-24T13:52:10Z"" Type=""CodeCoverage"" Machine=""0.0.0.0:0"" ID=""0000000000000000"" File=""metacluster/include/metacluster/MetaclusterOperationContext.actor.h"" Line=""75"" Condition=""true"" Covered=""0"" Comment=""Run metacluster transaction on registering cluster"" ThreadID=""16240622342337496268"" LogGroup=""default"" />",10,metacluster/include/metacluster/MetaclusterOperationContext.actor.h,75,run metacluster transaction on registering cluster,False,3
sample2.3.xml,Run metacluster transaction on removing cluster,314.402677,"<Event Severity=""10"" Time=""314.402677"" DateTime=""2025-10-24T13:52:10Z"" Type=""CodeCoverage"" Machine=""0.0.0.0:0"" ID=""0000000000000000"" File=""metacluster/include/metacluster/MetaclusterOperationContext.actor.h"" Line=""78"" Condition=""true"" Covered=""0"" Comment=""Run metacluster transaction on removing cluster"" ThreadID=""16240622342337496268"" LogGroup=""default"" />",10,metacluster/include/metacluster/MetaclusterOperationContext.actor.h,78,run metacluster transaction on removing cluster,False,3
sample2.3.xml,Run metacluster transaction on restoring cluster,314.402677,"<Event Severity=""10"" Time=""314.402677"" DateTime=""2025-10-24T13:52:10Z"" Type=""CodeCoverage"" Machine=""0.0.0.0:0"" ID=""0000000000000000"" File=""metacluster/include/metacluster/MetaclusterOperationContext.actor.h"" Line=""81"" Condition=""true"" Covered=""0"" Comment=""Run metacluster transaction on restoring cluster"" ThreadID=""16240622342337496268"" LogGroup=""default"" />",10,metacluster/include/metacluster/MetaclusterOperationContext.actor.h,81,run metacluster transaction on restoring cluster,False,3
sample2.3.xml,Retry management transaction with unconfigured cluster,314.402677,"<Event Severity=""10"" Time=""314.402677"" DateTime=""2025-10-24T13:52:10Z"" Type=""CodeCoverage"" Machine=""0.0.0.0:0"" ID=""0000000000000000"" File=""metacluster/include/metacluster/MetaclusterOperationContext.actor.h"" Line=""103"" Condition=""true"" Covered=""0"" Comment=""Retry management transaction with unconfigured cluster"" ThreadID=""16240622342337496268"" LogGroup=""default"" />",10,metacluster/include/metacluster/MetaclusterOperationContext.actor.h,103,retry management transaction with unconfigured cluster,False,8
sample2.3.xml,Run management transaction on non-management cluster,314.402677,"<Event Severity=""10"" Time=""314.402677"" DateTime=""2025-10-24T13:52:10Z"" Type=""CodeCoverage"" Machine=""0.0.0.0:0"" ID=""0000000000000000"" File=""metacluster/include/metacluster/MetaclusterOperationContext.actor.h"" Line=""127"" Condition=""true"" Covered=""0"" Comment=""Run management transaction on non-management cluster"" ThreadID=""16240622342337496268"" LogGroup=""default"" />",10,metacluster/include/metacluster/MetaclusterOperationContext.actor.h,127,run management transaction on non-management cluster,False,8
sample2.3.xml,Run management transaction on wrong management cluster,314.402677,"<Event Severity=""10"" Time=""314.402677"" DateTime=""2025-10-24T13:52:10Z"" Type=""CodeCoverage"" Machine=""0.0.0.0:0"" ID=""0000000000000000"" File=""metacluster/include/metacluster/MetaclusterOperationContext.actor.h"" Line=""131"" Condition=""true"" Covered=""0"" Comment=""Run management transaction on wrong management cluster"" Rare=""1"" ThreadID=""16240622342337496268"" LogGroup=""default"" />",10,metacluster/include/metacluster/MetaclusterOperationContext.actor.h,131,run management transaction on wrong management cluster,False,8
sample2.3.xml,Run management transaction using deleted data cluster,314.402677,"<Event Severity=""10"" Time=""314.402677"" DateTime=""2025-10-24T13:52:10Z"" Type=""CodeCoverage"" Machine=""0.0.0.0:0"" ID=""0000000000000000"" File=""metacluster/include/metacluster/MetaclusterOperationContext.actor.h"" Line=""140"" Condition=""true"" Covered=""0"" Comment=""Run management transaction using deleted data cluster"" ThreadID=""16240622342337496268"" LogGroup=""default"" />",10,metacluster/include/metacluster/MetaclusterOperationContext.actor.h,140,run management transaction using deleted data cluster,False,8
sample2.3.xml,Run management transaction using wrong data cluster,314.402677,"<Event Severity=""10"" Time=""314.402677"" DateTime=""2025-10-24T13:52:10Z"" Type=""CodeCoverage"" Machine=""0.0.0.0:0"" ID=""0000000000000000"" File=""metacluster/include/metacluster/MetaclusterOperationContext.actor.h"" Line=""157"" Condition=""true"" Covered=""0"" Comment=""Run management transaction using wrong data cluster"" ThreadID=""16240622342337496268"" LogGroup=""default"" />",10,metacluster/include/metacluster/MetaclusterOperationContext.actor.h,157,run management transaction using wrong data cluster,False,8
sample2.3.xml,Run data cluster transaction on non-data cluster,314.402677,"<Event Severity=""10"" Time=""314.402677"" DateTime=""2025-10-24T13:52:10Z"" Type=""CodeCoverage"" Machine=""0.0.0.0:0"" ID=""0000000000000000"" File=""metacluster/include/metacluster/MetaclusterOperationContext.actor.h"" Line=""220"" Condition=""true"" Covered=""0"" Comment=""Run data cluster transaction on non-data cluster"" ThreadID=""16240622342337496268"" LogGroup=""default"" />",10,metacluster/include/metacluster/MetaclusterOperationContext.actor.h,220,run data cluster transaction on non-data cluster,False,8
sample2.3.xml,Run data cluster transaction on wrong data cluster,314.402677,"<Event Severity=""10"" Time=""314.402677"" DateTime=""2025-10-24T13:52:10Z"" Type=""CodeCoverage"" Machine=""0.0.0.0:0"" ID=""0000000000000000"" File=""metacluster/include/metacluster/MetaclusterOperationContext.actor.h"" Line=""228"" Condition=""true"" Covered=""0"" Comment=""Run data cluster transaction on wrong data cluster"" ThreadID=""16240622342337496268"" LogGroup=""default"" />",10,metacluster/include/metacluster/MetaclusterOperationContext.actor.h,228,run data cluster transaction on wrong data cluster,False,8
sample2.3.xml,Run data cluster transaction on restoring data cluster,314.402677,"<Event Severity=""10"" Time=""314.402677"" DateTime=""2025-10-24T13:52:10Z"" Type=""CodeCoverage"" Machine=""0.0.0.0:0"" ID=""0000000000000000"" File=""metacluster/include/metacluster/MetaclusterOperationContext.actor.h"" Line=""237"" Condition=""true"" Covered=""0"" Comment=""Run data cluster transaction on restoring data cluster"" ThreadID=""16240622342337496268"" LogGroup=""default"" />",10,metacluster/include/metacluster/MetaclusterOperationContext.actor.h,237,run data cluster transaction on restoring data cluster,False,8
